image_name| comment_number| comment
2323096887.jpg| 0| A man wearing a black wetsuit cutoff at the elbows and knees surfs on a white surfboard .
373394550.jpg| 3| A child in a black cap sleeping across two chairs .
4971517541.jpg| 3| Five people in clear blue water preparing to scuba dive .
2581980255.jpg| 1| A man in a gray suit standing in front of a red and white moving train .
3508522093.jpg| 4| Little boy laying in a pile of leaves next to a skateboard .
1414820925.jpg| 3| A man in red swim trunks playing volleyball .
3475969992.jpg| 1| A woman is bathed in red light on stage .
3699763582.jpg| 3| A man climbing up a rocky cliff
4894888206.jpg| 4| A group of people lay in the park .
4738236580.jpg| 4| Two taoist monks wearing white praying .
590445887.jpg| 0| The girl with green hair and a green glove is swinging a hula hoop .
1239873050.jpg| 2| Two men in a parking lot are carrying a giant beer bottle above their heads while a woman stands in front of them .
6739582637.jpg| 0| With a bus in the foreground right on the picture , 3 bikers ride the white line on the side of the road , all in single file with their helmets on and the first wearing a green shirt with a backpack and a white car following closely behind them .
3879971251.jpg| 4| A child in an orange sweatshirt holds up a sandal and smiles .
121861208.jpg| 1| Two people walking down a dirt trail with backpacks on looking at items they are carrying .
2205336881.jpg| 0| The girl in the pink sweater is playing with a camera whilst being watched by the woman on the couch
1518841737.jpg| 1| A little boy with black curly hair sitting in a blue chair that is on the sidewalk .
2335511314.jpg| 1| A man in a canoe paddles while another man tosses a net out into a large body of water .
5897488202.jpg| 2| A woman and a young girl watch a science exhibit with another exhibit in the background .
3715201165.jpg| 4| A man bends down to speak to a little girl .
2896180326.jpg| 2| A row of men on motorbikes line up in the grass .
2384353160.jpg| 2| An old man with blue eyes wears a big black hat .
83292701.jpg| 2| Two young boys playing in a dirt top playground .
2224836155.jpg| 2| Two men watch as a man in a blue hard had makes repairs .
941641803.jpg| 0| A guy in an olive-green sweater and blue jeans is playing with a blond-haired toddler in a yard using toy golf clubs .
4294773353.jpg| 2| An elderly man in a black sweatshirt doing cement work .
2907073768.jpg| 1| The BMX rider wearing a black helmet gets air off of a jump .
4559823713.jpg| 3| a teen boy wearing a green jacket is watching a bonfire .
3380519003.jpg| 4| The small dog is chasing a ball .
7072093185.jpg| 2| A lady and gentleman wearing blue gloves placing something into a blue mug .
4777133573.jpg| 4| A man walking while holding roses .
2774554310.jpg| 3| a woman wearing a black tank top revealing a large fairy tattoo .
171211612.jpg| 3| A person underwater using a camera .
3204525212.jpg| 0| a small black and white dog standing next to a large black dog both looking up onto a counter .
4069578876.jpg| 4| 2 black girls in purple shirts sitting near a green fence .
4470892676.jpg| 2| The man in the red shirt pretends to play the violin with an umbrella .
3514278386.jpg| 4| Two girls playing in a game of softball .
4881829141.jpg| 4| A woman sees what a striped shirt would look like on a boy in yellow .
3892563639.jpg| 1| Man in a colorful sombrero and poncho sitting on the grass with 2 goats and a lama .
4937650592.jpg| 2| There is a rider on a dirt bike in race gear on a paved track .
2617215392.jpg| 2| A man offers his phone across the table .
4977226573.jpg| 4| Some people and a car are at an urban intersection .
396084707.jpg| 4| A girl uses pen and ink to write on paper .
2407214681.jpg| 3| Two young boys wearing blue jerseys are washing their hands in a restroom .
2893238950.jpg| 4| Four people in helmets racing on skateboards
43499667.jpg| 0| A shirtless man is holding a welding mask and standing next to a large green metal box .
4672366159.jpg| 1| A man n blue is seen next to a machine through a window .
220513228.jpg| 2| A surfing teenager riding a wave on a white surfboard .
3193671682.jpg| 3| A man kneeling holding a flaming stick .
4368315450.jpg| 1| A person in a black sweater puts down a backpack , sits on a block and holds his or her head .
4735873109.jpg| 2| A man in a yellow and blue jeans is running through water .
105493628.jpg| 3| An elegant food serving on table at a restaurant .
3555086376.jpg| 0| Two young children , one in an inflatable life vest , swim in a pool .
3665179773.jpg| 2| The girl is hugging another girl with a helmet .
2782065752.jpg| 2| The young man in the kerchief is wearing a tool belt .
4294289975.jpg| 4| Man lying under palm tree
427433056.jpg| 3| A little boy is holding a soda and a green balloon .
6532234215.jpg| 1| Female musician pauses her guitar playing to enjoy a moment during a performance .
275854401.jpg| 4| Four men in white shirts standing on a street .
4560829458.jpg| 0| A woman is walking side profile down the street there is a shoe retailer window in the background and a shadow is cast from her arm .
3360876049.jpg| 2| two dirt bike riders ride their dirt bikes .
3518334317.jpg| 4| Men walking in a middle eastern market .
2738092811.jpg| 1| A child in a pink flotation device is in the water and surrounded by adults .
1009692167.jpg| 0| An officer in a reflective vest stands at the front of his van with his dog .
4806158094.jpg| 3| young woman in suit sitting on white bench
2502856739.jpg| 3| Dogs running and playing in a grassy area .
4651826995.jpg| 0| A woman decides to walk across the grass instead of using the sidewalk to get to her destination .
3395052193.jpg| 3| A basketball player scores with a slam dunk .
4707189762.jpg| 0| Two men are climbing up a steep rock face with moss growing out of it .
3048461682.jpg| 1| A small white dog leaps over a root in the woods .
4859995088.jpg| 0| A man in an orange shirt and a baseball cap is sitting on the tailgate of a gray truck parked next to a red compact car in a parking lot .
48509840.jpg| 1| City workers clean up a mess of garbage in the middle of a street .
4872490297.jpg| 4| A girl in a pink shirt is climbing onto a wooden chair .
3545427060.jpg| 2| Three Indian children playing in water .
2553024095.jpg| 4| Two little girls wear dresses and bonnets next to a snake .
3687077099.jpg| 1| A boy in a yellow shirt and blue jeans jumps over exercise pylons while two boys dressed in soccer uniforms look on .
179081851.jpg| 4| A child looks over her mother 's shoulder .
2187503678.jpg| 0| Orange building in the woods surrounded by trees with white dog running away from it .
350588129.jpg| 3| A black dog jumps into a swimming pool .
520341293.jpg| 3| The man is sweeping with a red broom .
1022454332.jpg| 3| A child and a woman are at waters edge in a big city .
7723452818.jpg| 1| Onlookers are praying that the cowboy does not fall off the bull in the rodeo .
3654103642.jpg| 0| A white dog and a brown dog run along side each other at the beach .
65845718.jpg| 2| A lady is in a swimming pool wearing a dark colored bathing suite .
2900274587.jpg| 2| A sunset sky over rippling water .
4702851298.jpg| 2| A young girl in a maid 's outfit and coat is walking across the street .
3274879561.jpg| 2| A deer jumping over a fence .
3609663465.jpg| 1| Through an open doorway there is a man outside with a shovel and a wheelbarrow .
2523307750.jpg| 0| A young man with his back to the camera is being watched by youths sitting at two picnic tables before a backdrop of grass and trees .
2526752524.jpg| 1| A man wearing a white shirt tosses a frisbee in the park .
3626325621.jpg| 2| A man in a plaid shirt standing inside of a hollow tree trunk .
2707835735.jpg| 3| People are hanging out in an art gallery .
4337739734.jpg| 1| A male in an orange shirt next to a container full of an orange substance .
3925292151.jpg| 2| Four people with hats sitting and eating on a bench .
88486769.jpg| 0| Two passengers work on writing in their journals while waiting for a plane .
2394857899.jpg| 2| A man in a public road workers uniform sprays water .
483039719.jpg| 4| Teenager standing up with a headband on
2343886894.jpg| 3| A young man wearing black pants and a red shirt is snowboarding .
3816130053.jpg| 4| A group of people browsing fruit at a farmer 's market .
3098714492.jpg| 2| A bride and groom pose with their wedding party .
5995817000.jpg| 1| A young girl in a white t-shirt and a blue skirt wearing a light colored hat stands in a river next to a big rock .
3929242702.jpg| 1| A boy in a green handstands with his arms spread before a stone edifice .
3046312861.jpg| 4| Female gymnast and coach training on the uneven bars .
7959752686.jpg| 0| Native man in blue garb holds flaming torch on long pole in advance of a pair of decorated marching elephants .
4591228112.jpg| 0| A man wearing all black is inspecting a marbleized sculpture sitting atop a wooden mount .
2698119128.jpg| 2| Girl in orange suit swims in pool .
8151603778.jpg| 2| A biker in a red , white , and blue shirt rides past a lake and some people .
2366306683.jpg| 1| A man in a gray suit is talking in front of a microphone .
839295615.jpg| 0| A person in brown and two older cars in front of a white building .
4705826062.jpg| 0| A man wearing a gray shirt and backpack eating an ice cream cone while a women in an orange shirt stands next to him .
3158365397.jpg| 0| A man in a brown leather jacket and another man in black are playing slot machines in a casino .
1557451043.jpg| 3| A girl is sitting on the beach and staring at the ocean .
2266142543.jpg| 1| a man with black rimmed glasses sleeping with a drink in his hand
2830880811.jpg| 2| A dog is running while catching a tennis ball in its mouth .
2720190418.jpg| 4| Two women work in a field picking plants .
4871134747.jpg| 1| The back of two men with beanies on in front of a large stone wall .
1024138940.jpg| 3| Two dogs playing in the sand at the beach .
2170222061.jpg| 4| A dog biting the tail of a cow .
4260498576.jpg| 4| A man teaches mathematics to a class .
2643263887.jpg| 2| A boy in green trunks slides down a water slide .
6056271620.jpg| 0| There are women dressed in black dresses wearing hats and men wearing black suits and white shirts waiting in a line at a food truck .
2500354186.jpg| 0| A boy walks through a dusty rocky yard with a bicycle tire on his shoulder .
2466495935.jpg| 0| A blue and white soccer team playing against each other .
4265333893.jpg| 3| A woman in a red coat selling various herbs and food .
333214858.jpg| 4| A baker pulling out loaves of french bread .
4439089558.jpg| 4| Girl with floppy purple hat at intersection in big city .
3218481970.jpg| 3| A man jumps with a basketball to make a hoop .
3545779287.jpg| 0| A large dog is running on the grass with a rope in its mouth .
3078402009.jpg| 0| An indoors basketball game is in progress among racially-mixed group of males ; one holds the ball with two hands overhead .
502671104.jpg| 1| The little girl in the pool is wearing a red swimsuit .
5425075136.jpg| 0| A low angled shot of skateboarder in midair while doing a trick , with the blue sky and white clouds in the background .
2769233092.jpg| 1| Two little girls in dresses , one older , one younger , on a shoreline with some larger rocks just sticking out of the water .
4849118892.jpg| 2| A woman and two men unhappily look at something .
7291465794.jpg| 2| Man on wakeboard is in midair while grabbing the board with his hand .
5902223492.jpg| 1| A group of men dressed as American forefathers holding flags with a crowd and a brick building in the background .
2748726146.jpg| 3| A band performing for an audience .
4973530552.jpg| 2| An elderly woman with a bag walking under an airport sign .
260392919.jpg| 0| Two men dressed in medieval period attire are in a dirt enclosure with the man dressed yellow has his foot on the man wearing red and blues back .
2537034263.jpg| 2| People gathered in front of a store named Central market .
367964525.jpg| 4| A large German shepherd runs though deep snow .
1225443522.jpg| 0| A woman in a blue coat and blue heels walks down a city sidewalk at night .
5452434213.jpg| 3| A small male child playing in the sand .
4143332417.jpg| 0| A woman in a black and yellow shirts works the clean the floor under the red chairs .
7239534164.jpg| 2| Men and women on stage holding poles with colors and performing .
3574627719.jpg| 2| Three guys , with a guitar , yelling .
3368207495.jpg| 1| A dog leaps in the air while chasing a tennis ball .
6006578474.jpg| 1| This woman is horseback riding on a sunny afternoon .
2774041957.jpg| 0| A boy in an orange shirt plays on a large drainpipe with several other children in a sandy area .
7979243971.jpg| 3| Two women , both with blond-hair , share an affectionate moment .
4808416879.jpg| 4| Two cyclists are waiting at a crossing zone .
27590618.jpg| 0| Three people wearing hats , two sitting , talking , and eating , and one laying down .
1193116658.jpg| 4| There is a girl on a unicycle and a child on a scooter .
3658427967.jpg| 3| A boy jumps into the water at a beach .
3269087421.jpg| 0| A man in a flowered shirt holds a microphone beside a violin player standing in a crowd of people .
2380765956.jpg| 3| Girl in green and blue jacket walking past an enclosed field .
3847453204.jpg| 2| A female Asian toddler in shorts and sandals carrying a pillowcase .
2712523658.jpg| 2| A man wearing sunglasses and a blue shirt is picking up trash in a big fountain
6337228599.jpg| 2| A guy who caught a giant fish reels it in then picks it up with a extended net .
7757250094.jpg| 4| Baseball players playing a game at the park .
3323661814.jpg| 1| A little girl jumps in ballet in class as two others look on
2448741990.jpg| 4| A man rides an ATV around a track .
452962852.jpg| 4| A young child is wearing a blue striped shirt .
2035902801.jpg| 2| Three men are riding on public transportation .
4924958553.jpg| 1| Four people are waiting inside the Psychic Readings by Mrs. Lillian shop on the street .
3634200287.jpg| 0| A bald musician wearing a black shirt plays his guitar on stage .
3665128265.jpg| 1| A young girl poses with a fishing pole as her picture is taken .
2194495372.jpg| 4| Boys and adults at a soccer game .
7247347662.jpg| 3| A young woman jumping over wooden objects in front of onlookers .
413737417.jpg| 4| A group camps in a desolate area .
2511565376.jpg| 4| People eating and drinking outdoors .
2527713011.jpg| 0| The black and white race car is going fast around the track while fans watch nearby .
4234228276.jpg| 4| Person is rising his finger .
4929237993.jpg| 2| Two women and an african american man are playing .
3474958471.jpg| 1| A person wearing beige snow clothes is flying in the air on a snowboard .
2274992140.jpg| 3| Two little children and one is playing with a slinky .
3399944164.jpg| 2| A girl in yellow is laying down and man is looking at the camera .
4802801396.jpg| 3| A park outside of a city that has a water fountain .
2195887578.jpg| 3| Two men step off the bus together .
4764080090.jpg| 4| A woman smiling at a man on the street .
2075041394.jpg| 4| A brown dog chasseing a white dog .
224153937.jpg| 3| There are lots of people in the streets .
3320209694.jpg| 3| A man with a purple hat is climbing a rock .
170273913.jpg| 2| A man in a security outfit smiles as a crowd gathers around him .
7325899094.jpg| 4| A man surfs in bright , blue water .
3665355241.jpg| 1| An adult women and a little girl sit by water in the woods .
190878894.jpg| 4| Three young women smiling for a photo .
25411181.jpg| 4| A man in a pilot outfit is getting off a plane .
4429773871.jpg| 4| A woman is looking over a ledge .
3871177631.jpg| 0| A man in a gray shirt and two boys in swim trunks are playing in the ocean waves .
241959826.jpg| 1| Three young adults are cooking in a kitchen together .
4653320440.jpg| 2| Two young girls in shorts wading in the ocean .
515755283.jpg| 2| There are three policemen and a police motorcycle .
368212336.jpg| 2| A young man in a gray sweater is looking downtown .
27782020.jpg| 3| People on the city street walk past a puppet theater .
3262386960.jpg| 4| The people in the masks are fencing .
4515663265.jpg| 4| Two people and a baby walking through a river .
1681253990.jpg| 1| A woman drawing a portrait on a white wall with trees in the background .
7719481340.jpg| 2| LeBron James , playing for Team USA , is attempting a layup from underneath the basket .
2344699642.jpg| 4| A dog jumps to catch a flying disc .
416840980.jpg| 0| A young girl in blue in a swinging outside with her eyes closed and hands off the swing 's chains .
4772900584.jpg| 0| A man in a brown straw hat is riding his bicycle on the street .
6881296905.jpg| 2| Two tall basketball players are attempting to block a smaller player from throwing the ball .
4782619449.jpg| 4| Two old men smiling in robes .
3204354161.jpg| 0| The man is hanging off the back of the motocross bike as it is jumping through the air .
4181549116.jpg| 4| A very young child is scribbling with crayons .
4742019207.jpg| 4| A man in a blue tank top washes his face .
6074238868.jpg| 4| Two women in white lab coats .
2468906010.jpg| 4| Girls are playing volleyball .
2830276969.jpg| 2| Man wearing glasses and a green shirt , performing a task on a computer .
4928550914.jpg| 4| Men standing with a thing on their heads .
4567711312.jpg| 1| A man with dreadlocks and a beard is talking on his cellphone .
4032520378.jpg| 3| A woman is showing her fingers full of rings into the mirror .
2112921744.jpg| 1| A white dog is standing on a grassy hillside .
2302336943.jpg| 3| A person in a fur collared coat is walking past a statue .
2891240104.jpg| 2| Four men standing behind cash register and tip jar .
4745414475.jpg| 0| A little girl in a white dress sits in an open doorway holding a bouquet of flowers .
3185371756.jpg| 1| A woman in blue bends over backwards on the street .
254169701.jpg| 2| A girl is throwing a football on the beach .
2408224709.jpg| 0| A little girl wearing a purple printed pajama top is leaning on a street railing and staring at her view .
4680280693.jpg| 2| Many large filled bags are stacked on top of a white car .
6147060999.jpg| 2| Three children are playing in the water near a boat .
473424713.jpg| 2| Aerial view of a computer lab or library with several users on a computer .
208053776.jpg| 3| Four people looking through a fence at something .
702083815.jpg| 0| A baseball pitcher is halfway through his motion of throwing the ball .
3697675767.jpg| 2| A motocross rider is slightly airborne on a competition circuit jump .
4966187934.jpg| 0| A blond horse decorated in pink feather headdress , strapped to a leather harness , and strapped to a pink carriage , standing next to a man , inn a dark shirt , sitting in a chair , with photographs on wood canvas along a city sidewalk .
7700080810.jpg| 4| Two teams competing in the Olympics .
4592281294.jpg| 0| A woman is talking to a child in a carriage that she is pushing .
2699426519.jpg| 2| A brown and white dog is running with its mouth open .
6296537344.jpg| 1| Two young men playing a game on rollerskates with curved sticks , while a referee looks on .
4961553786.jpg| 2| A woman in a green tank top runs in a crowd of men during a race .
7025947589.jpg| 2| A man in a red robe sweeps a large area .
4696548185.jpg| 3| A group of women are participating in a roller derby game .
1581822598.jpg| 0| A dog jumps in the snow trying to catch a snowball .
2116857398.jpg| 3| A man in a scarf is playing a tuba .
2803337740.jpg| 3| A man tending to the clothing in his outdoor shop .
3347701468.jpg| 0| A soccer team with blue jerseys is huddled together with their hands touching above their heads .
3884704036.jpg| 0| Two officials in white and black uniforms speak with pedestrians in the street at night .
4799796561.jpg| 2| A black man in a blue and white shirt sitting on some stairs .
4852825505.jpg| 1| Two figures walking in front of an Asian fruit and vegetable market .
306395036.jpg| 4| A little boy in a swimming pool .
444881000.jpg| 3| A group of college students walk in nice weather .
6907188365.jpg| 4| A man with green shoes is jumping to catch a frisbee .
200771289.jpg| 0| Two men in black bulletproof vests watch something taking place to the right of the picture .
421648862.jpg| 3| A young girl in pigtails plays in the sand at a beach .
2282043629.jpg| 1| A family standing in the snow on a sledding trip .
2059842472.jpg| 0| A little toddler in blue pants is crawling on the road .
384080245.jpg| 3| A man is looking at one of his four flat screen computers .
2972925005.jpg| 1| Two women and a man are standing next to a picnic table covered in food and water .
3407317539.jpg| 1| A black and white dog is running across a snow covered field .
3663793993.jpg| 3| A young child is playing in a water sprinkler .
4650040688.jpg| 3| A Taiwan man holds a sign protesting the government .
2679494234.jpg| 1| A man in swim trunks hugging a woman in cutoffs and a bikini top in a fountain .
4892334228.jpg| 1| A lady in white shirt is holding something in her hand and turning around .
4707314246.jpg| 3| A woman in a white shirt holding a sign .
3170110692.jpg| 1| A man and a woman are dressed as Groucho Marx with fake cigars .
3665441862.jpg| 0| A caucasian toddler in a pink hat has her hands on top of a low chain link fence and is trying to climb it .
1510926782.jpg| 1| A woman with dark hair holds a vegetable as she stands in front of a table full of vegetables .
8112171798.jpg| 3| A man on a bicycle is doing stunts on the track .
4018622493.jpg| 1| Asian man in colorful attire writing in his traditional language .
2698197294.jpg| 1| The black and white dog is running through the water .
2363918218.jpg| 3| A man is poling in a canoe in a tropical location .
2909237928.jpg| 4| A Newlywed man and women sitting by a tree .
6800762956.jpg| 2| A flock of swans gathers around a person in a boat on a sunny day .
4346213739.jpg| 3| Construction workers wearing white hard hats work on the street .
3621623690.jpg| 4| A horse and rider are jumping over a hurdle .
4270148661.jpg| 0| Two chefs standing in front of a large boiling pot offer a spoonful of their dish .
4697429772.jpg| 0| A girl wearing a white shirt and holding a fishing pole near a body of water .
170614554.jpg| 2| A group of teenagers and children with backpacks congregates in the grass under a tree .
3757332635.jpg| 0| A small group of three boys and two girls , is standing on the beach near the water .
226634003.jpg| 0| Two women walking down a sidewalk hugging at the waist , both women are wearing hats .
8043180155.jpg| 2| A little girl in pink , blue , and red walk the city alleyway after a rainy day .
3134647768.jpg| 2| A woman wearing a towel and drinking water is seen through a bathroom door .
2536965203.jpg| 1| Two workers wearing orange vests maneuver a load of material onto an escalator .
3738551665.jpg| 3| Two men talk at a crowded beach on a nice day .
7178610575.jpg| 4| Military couple enjoying dance at officers function .
1488937076.jpg| 2| Three dogs are running and playing together by the side of a house .
5893980467.jpg| 4| Two children , a boy and a girl , are playing outside in the rain .
4512401912.jpg| 1| A group of women in matching outfits and hats talk to a pair of policemen .
2505988632.jpg| 1| A girl wearing pink shoes jumps over a rope and smiles .
4654284177.jpg| 3| A pool player lines up his shot , as friends stand by awaiting their turn .
8159685316.jpg| 2| Several women in racing singlets run in a pack .
6154676236.jpg| 3| Model posing as ballerina being photographed .
4451504790.jpg| 3| A boy in a red sweatshirt pretends to drive a tractor .
2460804866.jpg| 0| A little boy crawls along the surface of a big rock .
7670346550.jpg| 2| Two Olympic martial arts competitors go after each other in an international martial arts spectacle .
4971911720.jpg| 1| A woman and her daughter wait for their ride after getting groceries as two people walk past them .
3072730593.jpg| 4| A woman with a feather on her hat .
2253052296.jpg| 3| A child is cleaning a window .
3179833180.jpg| 3| A man opening the back driver side door of his parked vehicle along a sandy road .
2531273794.jpg| 1| A man in an orange vest is waiting at a train station .
30518628.jpg| 1| A man in a shirt with flowers is looking down .
2628331789.jpg| 1| While others watch , a young girl jumps into a pool as a woman reaches for her .
3656104088.jpg| 2| A pelican in mid-flight above a group of pelicans .
4738781753.jpg| 3| A crowd of people wait in anticipation for an event .
4706794395.jpg| 4| Stage girl at a Vegas Review
3132619510.jpg| 1| Two white dogs are running along side one another next to a fence .
1096395242.jpg| 2| A young child plays with his new light-up toy .
3494034357.jpg| 1| Two women tennis players get in their ready positions awaiting the next service .
184326428.jpg| 0| A man in a yellow shirt and light colored pants sits next to a woman wearing a light colored hat in front of a camper while a young boy in a yellow shirt and jeans tosses rocks .
3030565991.jpg| 1| A young field hockey player wearing a blue jersey takes possession of the ball .
2095435987.jpg| 2| The dog rolls over to scratch its back in the sand .
2290936635.jpg| 2| A group of people in a line walking up a small hill towards a building .
3869207554.jpg| 1| A woman in a red shirt and black shorts jogs down a narrow road .
4322110026.jpg| 3| a guy wearing a gray t-shirt is shaving is face .
4445707837.jpg| 3| People walk through a crosswalk in a city .
2403532277.jpg| 3| Two men outside practice martial arts .
3091010827.jpg| 4| A black-haired man playing a guitar .
534875358.jpg| 4| a girl in a blue hoodie is carrying a brown bag
4287001609.jpg| 1| A worker wearing gloves is bending over and working .
1130401779.jpg| 3| Two dogs splash through the water .
2176776800.jpg| 4| We drank so much even Uncle Henry was smiling .
3402059145.jpg| 3| Three boys at a pool 's edge jump into their father 's arms .
575636303.jpg| 1| A little girl in bright yellow with a group of kids .
7754645524.jpg| 4| A group of people have gathered in a grassy field on a sunny day .
3658733605.jpg| 3| a biker performs a trick in the air .
137430967.jpg| 2| A group of spectators outside in the cold , all focusing on the same object .
4752074992.jpg| 1| A young women carrying some wooden cases , walking down the street and passing a street performer .
6981006477.jpg| 3| A woman in a pink shirt is kneeling next to a river while washing .
2507182524.jpg| 1| A white dog wearing a blue collar runs for a green ball .
4740350587.jpg| 4| A crowd of police officers standing in the street .
8086165175.jpg| 4| A woman wearing all blue is sitting under a large painting .
5615068475.jpg| 1| A woman in a dark tank top and cuffed jeans is smiling while sitting on top of a large rock or boulder outdoors .
4027160843.jpg| 1| A lady wearing a yellow dress and ballerina slippers , and a man wearing a striped suit .
328887787.jpg| 1| A woman bike rider looking over water at a view point .
4304085122.jpg| 4| A woman is writing in a lined notebook at a desk with a coffee mug .
2510029990.jpg| 1| Child in a blue hoodie and shorts is sliding down a slide .
4927312317.jpg| 1| A naked man sitting in the park near his bike reading the paper .
402839598.jpg| 0| The young girl wearing a pink shirt is putting a box , with a drawn face and bow , on a shelf along with other food .
6033533190.jpg| 2| A person crouches over bags of supplies on the street in front of a steel door .
92413203.jpg| 1| Somewhere in a hot dessert a couple of people walking along and some on horses .
3285993030.jpg| 2| A curly clack dog is running down a natural path .
2338798208.jpg| 4| Three blond girls baking .
6924508104.jpg| 0| Two go-carts with riders , one wearing a white and the other a black helmet .
358779007.jpg| 3| A small child sitting on his knees on a white tile floor .
1396064003.jpg| 1| an upside down man doing a flip on a waterski board
6899246013.jpg| 4| Two players face off in a basketball game .
2167365840.jpg| 0| A man is about to saw off a small tree limb while a child in a fireman 's hat watches .
897621891.jpg| 0| A little boy underwater in a pool , holding a plastic dinosaur .
3328324395.jpg| 1| A group of people holding tools stand in front of an uncompleted house .
4610461009.jpg| 3| A woman is walking while carrying a basket and a cigarette .
230269706.jpg| 0| A child , wearing a black hat , leather vest and chaps is petting a steer 's nose at a rodeo .
4584266011.jpg| 0| A filming crew get ready to take pictures of a woman as a man holds an umbrella above her .
4889084974.jpg| 2| Construction worker in orange vest laying square stone pavers .
5306262761.jpg| 2| A boy with snowshoes on is sitting in the snow and smiling .
7986954235.jpg| 3| People watching the players take the field .
3367034082.jpg| 2| A girl smiles at another girl in a group of people hanging out .
4887213724.jpg| 0| Street performers with Santa Clause in the middle and ladies on the sides joining hands .
333031366.jpg| 0| A dog is walking through the water carrying a large stick in its mouth .
4756001265.jpg| 1| Two men walking back and forth through a japanese or chinese shopping center .
5126656489.jpg| 2| Two men are plowing a field of mostly dirt .
3479423813.jpg| 3| A man piloting behind the wheel of a boat .
3585598356.jpg| 3| Two women in sparkling bikinis are posing
2816361063.jpg| 1| a young man playing an electric guitar while jumping up and down in front of fans .
1433397131.jpg| 2| A number of colorful balls hide children .
517942470.jpg| 1| A white dog is looking up at a person as they both sit in front of a computer .
4640154368.jpg| 0| A man in a gray shirt and blue shorts is standing outside of an old fashioned ice cream shop named Sara 's Old Fashioned Ice Cream , holding his bike up , with a wood like table , chairs , benches in front of him .
805682444.jpg| 2| The two dogs are white and black and are digging in the mud .
3568197730.jpg| 1| An actor dressed as a pirate performs in an outdoor park .
2075321027.jpg| 2| A man in a beret rides a bicycle down the street .
2295215289.jpg| 2| A child in a jacket is holding a dog while standing in a field .
3760799822.jpg| 0| Two women , standing at a fence , are each talking on their cellphones , while two men sitting on the opposite side of the fence are having a conversation .
2128119486.jpg| 2| A small child with berries all over its mouth .
1287768104.jpg| 2| At a outdoor stage , a woman in a black shirt has her arm around a man in a brown hat .
2308029439.jpg| 2| Girl in red jacket ponders while sitting in an art museum with cubes on the floor .
365849741.jpg| 2| A man rides a unicycle while holding fire lit batons .
4924368758.jpg| 2| A black car is about to cross Walgreens .
6324621970.jpg| 4| Five women engaged in a soccer game .
2074430847.jpg| 1| A man in a dark suit and blue shirt gives a presentation to many people sitting in chairs .
4320863128.jpg| 3| A large group of people are working on a sidewalk landscaping .
4866176322.jpg| 2| this lady is having her picture taken as she does two thumbs up .
2256138896.jpg| 3| A man is climbing the side of a cliff .
4824627321.jpg| 4| Coworkers are working on a projects at tables .
2583755519.jpg| 0| A woman preparing some kind of fish dish , she is wearing a white shirt and has a striped cloth over her left forearm .
4874068843.jpg| 3| A construction crew working on a building site .
394563330.jpg| 4| A Chinese Dragon at a parade .
2204777844.jpg| 0| A child in red , wearing rollerskates is being pushed along by an adult in black .
4410008455.jpg| 3| A lady in a red cap serving food to the community .
17095593.jpg| 2| 2 men painting a wooden bench outside .
2815507707.jpg| 1| A crowd surrounds the Shake Shack on a New York City evening .
109738763.jpg| 1| Rider jumps snowmobile high in rural area .
383657310.jpg| 1| A man in a orange safety vest standing beside a yellow backhoe tearing up asphalt .
8378599.jpg| 2| Young boy in blue jacket learns to ride a skateboard .
4738025604.jpg| 4| female arriving at a scene possibly at a mall .
3036596725.jpg| 0| A white racing dog with a muzzle is racing around the turn of a dirt track .
3848524309.jpg| 4| Four small children standing in a doorway .
468694416.jpg| 3| Two women hold a red and white flag while two other women look on .
4090010832.jpg| 0| A male kid skateboarding down a sidewalk wearing a white striped shirt and black pants .
309777765.jpg| 2| 3 men in uniforms are preparing food on a large surface .
117919518.jpg| 0| A man leans against a rock pillar with his back to an ongoing parade decorated with white and pink balloon arch .
4533751963.jpg| 4| Firefighter getting ready to fight .
3157039116.jpg| 1| A boy in a blue shirt is standing at the foot of a hill with a snowball in his hand .
3403360721.jpg| 2| Two people are sitting in desks across from each other .
1402843760.jpg| 4| A fluffy white dog is outside .
4510764354.jpg| 1| A man in a blue shirt reading the Holy Bible in a Catholic church .
3125041578.jpg| 0| An ice speed skater is skating on the ice wearing a red , blue , and gray uniform .
170547828.jpg| 0| an elderly man checking a fishing net in a small boat on the beach .
40464580.jpg| 2| A black man wearing a knit hat patterned with snowflakes smiles slightly .
118939364.jpg| 0| Redhead woman in pigtails and glasses sewing on a sewing machine .
4451967162.jpg| 1| A woman in black in enjoying the cool and refreshing waterfall .
283428775.jpg| 2| Black retriever plays with a multicolored toy in dry grass .
2493974889.jpg| 1| Two boys are walking down a tree lined dirt path .
3795409752.jpg| 2| A man is giving a powerpoint presentation on a Smart board .
3581818450.jpg| 1| A yellow dog running across a lush green lawn .
6201295346.jpg| 4| Two soccer players are competing for the ball during a game .
3513877683.jpg| 4| Three people have a conversation .
70759194.jpg| 0| An elderly man wearing a blue plaid shirt is sitting in a hospital bed .
220689305.jpg| 2| A woman places her red shopping bag down as she sits down to a table .
3153720471.jpg| 3| A little boy sitting by a gingerbread house sticks his tongue out .
4807594255.jpg| 1| People walking around in the daytime in a busy city .
610841649.jpg| 2| Footballers in red lining up for a penalty shot to protect the goal .
198456565.jpg| 3| A man yawns while riding the train .
2315320158.jpg| 0| A woman wearing a blue shirt opens a present , which is a green hat .
5714006990.jpg| 1| A seamstress who had a surprise visitor at work .
4584249516.jpg| 3| An asian man in khakis is walking in his driveway .
364369665.jpg| 3| Explorer inside a snow cave standing on clear blue ice .
7559183044.jpg| 4| A man carrying steel beams across a lumberyard .
2249682069.jpg| 0| Two men and a woman are laughing about trying to knit at a party .
4587246499.jpg| 3| A woman looks closely at a carnival gun .
6178998938.jpg| 1| Person wearing a yellow helmet is riding a dirt bike with a crowd watching .
4882763253.jpg| 0| A city street with market vendors and children being pushed in strollers with a large cathedral in the background .
2512586304.jpg| 3| A man talking to a person dressed as a brown ape .
4655435447.jpg| 0| An artist sitting in the corner of a stone wall painting a picture with his dog looking on
4780590314.jpg| 3| A young man wheels cargo dollies to assigned destination .
2470317702.jpg| 0| A man , possible a street musician , plays both a pan pipe and a small stringed instrument in an outdoor setting , while a bicycle leans against ivy in the background .
1855985590.jpg| 0| The back of a man in a black hat and coat standing in front of a large green structure .
7348289414.jpg| 4| A young boy is eating an apple .
4901078902.jpg| 3| Children play with touch screen TVs .
6813886436.jpg| 1| Two people can be seen running on paths with trees between them .
1594038143.jpg| 3| A smiling boy pulling something from a magician 's bag .
2580503256.jpg| 2| A person in an orange helmet is skateboarding on a ramp .
3463523977.jpg| 0| a young red-haired girl jumping on the sidewalk next to a white duck .
2354007039.jpg| 1| A young woman is singing into a microphone .
6960886685.jpg| 2| A skier in mid-jump doing a twist right after going off a jump .
517516106.jpg| 3| Two artists are painting decorative plates .
4170813283.jpg| 0| A diver taking a photo of himself with one other diver posing in the background .
5092327821.jpg| 1| A sitting crowd is watching one man , wearing a red shirt and black pants and suspenders , lift another man , wearing a mask , into the air .
2820596638.jpg| 0| An adult and a child hike through the forest with backpacks .
2195620255.jpg| 1| Two golden retrievers running in a slightly snowy desert .
215214751.jpg| 3| A boat with two fishermen sits peacefully on the lake .
3474934013.jpg| 3| Man with mohawk carrying two plates of food .
246055693.jpg| 0| A yellow dog is jumping across a grassy yard in front of a wooden deck .
4200109001.jpg| 3| Two men on scaffolding fix a blemish in a building .
3043685748.jpg| 0| Numbered motorcycles round the turn on a racetrack with billboards in the background .
2928152792.jpg| 2| A boy in a green soccer outfit hangs from a machine .
238512430.jpg| 4| A boat is illuminated at night .
4800159134.jpg| 4| A man with a blue bull mask in a crowd of people .
2679382862.jpg| 2| A man wearing glasses plays guitar in front of a microphone .
4455758193.jpg| 0| A few people are standing outside a building where it is snowing a lot .
2763691333.jpg| 2| A man in a gray shirt and black pants is playing tennis .
31919019.jpg| 0| A canal with a boat sitting in it and people walking and sitting on the sidewalk
344536009.jpg| 0| A young man with long black dreadlocks sits down while another person works on them .
2876709926.jpg| 4| A lady working on a machine .
2457052334.jpg| 2| a person climbing a large rock with another person on the ground helping
188741283.jpg| 4| Trashy blond woman standing alone in a dark alley .
4998936440.jpg| 4| a female is scrambling eggs in a bowl .
233361142.jpg| 2| A black , brown , and tan dog jumps at the camera .
267216971.jpg| 4| Outdoor restaurant and marketplace .
5971671598.jpg| 3| A woman that just got done swimming in a race .
4879964792.jpg| 2| A clown in a white shirt and tie playing a violin .
3937715125.jpg| 0| There are people sitting down on the ground in front of a gray beach .
4709167742.jpg| 2| A man reaches into his left pocket as he is walking out of the street .
2513260012.jpg| 2| Two dogs chase each other across the snowy ground .
2910885196.jpg| 0| A man in a blue button-down shirt and holding a knife grins at a woman while standing in front of a white and black cake while another man in a black shirt stands behind him .
4585470754.jpg| 1| Football players on a field ; there are three players , two of one team and one of their opponent , as well as a referee on the field .
3460992366.jpg| 2| A toddler boy with a pacifier and a red shirt plays with a garden hose .
180362693.jpg| 3| A woman razor cutting another woman 's hair .
8013541498.jpg| 0| Red car number 96 driving down a dirt road by the tree line kicking up dust in its trail .
387974450.jpg| 2| A gray dog chases a bunch of crows , a river in the background .
4939130926.jpg| 0| Two boys skateboard in front of a large statue of a soldier riding a horse in a town plaza .
4905057832.jpg| 3| Two men on the beach with two black and white dogs .
2833502675.jpg| 3| A man in a green shirt is playing a trumpet .
7171635796.jpg| 2| People standing in front of a shop .
136679463.jpg| 3| A street performer in a yellow shirt rides a high unicycle .
4412978133.jpg| 2| man with dark blue apron taking an order
28555944.jpg| 0| A toddler sitting in a portable highchair enjoys a snack on the grass as his mother and possibly his older brother look on .
1664475761.jpg| 1| Two young men getting ready to move fruit on their bike .
1211184847.jpg| 4| Seven men chipping tiles with hammers .
2929506802.jpg| 3| A boy pushes a wagon with two pumpkins .
3572548523.jpg| 4| A couple walk hand in hand down a street .
3796818804.jpg| 2| A group of people entering a club or restaurant .
3584603849.jpg| 1| A colorful aerobatic plane leaves a coiled trail of smoke behind it .
3589368949.jpg| 0| Some musicians dressed in native American costume are playing traditional instruments .
2372572028.jpg| 1| A little boy in a blue coat is climbing into a red play truck .
3375070563.jpg| 3| bird is taking off out of the water
3584181690.jpg| 4| A man is painting beside a small body of water .
4161829222.jpg| 1| A man in a uniform walking on a street with two cars and a tree .
8041003011.jpg| 1| Female cyclists wearing different colored spandex clothing ride expensive bicycles quickly .
496380034.jpg| 0| A black and tan dog and a black and white dog are playing ball in the grass .
5447844412.jpg| 3| 5 people stand in a river with nets wearing hats .
7700379680.jpg| 3| This man just got done shooting his gun .
1432342377.jpg| 2| Two people standing on the side of a city street .
199463720.jpg| 3| two bikers bike along the street .
90123355.jpg| 1| In front is a guy singing and playing guitar and a white shirted drummer in the back .
1601358043.jpg| 3| A woman is hugging a robot that is made of wood .
5166720997.jpg| 0| A man suits up in a crowded helmet distributor , possibly going in a mass biking tournament .
241347243.jpg| 3| Football players stand at the line of scrimmage .
1472882567.jpg| 3| Four crosscountry skiers climb uphill .
2925158918.jpg| 4| A young man jogging in the street .
2661294969.jpg| 4| Three people stand on the back of a truck .
2061944672.jpg| 2| Adults and children stand and play in front of steps near a wooded area .
3462396164.jpg| 4| A crowded city street .
4776157988.jpg| 4| A child looks wonderingly at a fireworks display .
3398746625.jpg| 4| A man does a handstand in the sand .
4556128862.jpg| 3| A man signed the yellow guitar that day .
157139628.jpg| 2| A man in a blue shirt is spraying a sand sculpture .
4663572856.jpg| 2| Man standing on a firetruck in front of brick building .
4695699161.jpg| 3| Lady in red dress , fishnet stocking , holding chain of handcuffed man in dress .
7320251226.jpg| 0| A goalie on a hockey team with the colors of blue , white and yellow , ice skated pass the goal and did not manage to block the puck from the opposing team from going into his goal .
2427490900.jpg| 0| Many people sit at the base of a large marble archway engraved with names .
64753988.jpg| 2| Boy playing with empty water bottle , filling it with sand .
4942654560.jpg| 1| A beautiful city shot with a fountain and a lady sitting on some steps .
2780087302.jpg| 3| A man is outside selling various toys .
559065775.jpg| 1| An elderly man in an orange shirt and green shorts walks past a building decorated with graffiti .
6337111139.jpg| 1| This band is getting ready to perform in front of an audience at church .
1680409989.jpg| 3| A woman is painting a mural of a woman 's face .
2562377955.jpg| 4| The boy in the orange shirt is throwing the ball .
2185509485.jpg| 4| A man is lying on the sidewalk .
461866432.jpg| 3| A little girl in a pink skirt sitting next to a boy .
2759879165.jpg| 4| Person walking with umbrella in the rain .
248151015.jpg| 1| A man in jeans loading rocks into a wheelbarrow .
167295035.jpg| 4| The rock climber looks down from above .
901027462.jpg| 0| There are three kids in a field with flowers in the background and the kid with a red shirt and the kid with the blue hat are holding what appears to be bug catching nets .
1057089366.jpg| 3| A little kid is jumping off a high dive at the pool .
164622257.jpg| 1| A man is facing an grilled opening into a hill while holding a camera .
2662537919.jpg| 4| A man rocks out on stage with his guitar .
3047749814.jpg| 0| A woman on a harness hanging from a rope waves at the camera .
3506096155.jpg| 3| A dirt bike racer jumps over a slope .
1472249944.jpg| 0| A woman in an orange coat and jeans is squatting on a rock wall while a blond woman in a red jacket stands next to her on the wall checking her electronic device
2250713748.jpg| 2| A crowd of people are in the streets and some have torches .
4728183104.jpg| 4| A man pours a beer at a restaurant .
3466353172.jpg| 1| A brown dog running on the beach near the ocean .
956164675.jpg| 0| A runner with one green shoe and one white shoe runs uphill .
2774356224.jpg| 0| A friend photo with two boys looking at each other while the girl looks at the camera smiling .
3264832994.jpg| 1| A young man wearing a bandanna is lifting weights with a barbell .
1578427672.jpg| 4| A blond girl unwraps a present .
2242178517.jpg| 1| A toddler shovels a snowy driveway with a bright orange shovel .
4489839598.jpg| 4| A woman is wearing a green , red , and white shirt .
2843629756.jpg| 2| Guy with blue shirt and jean shorts putting blue paper on a window .
320199845.jpg| 4| An Asian man places his black graduation cap on his head .
2310202774.jpg| 4| A man sitting at a table with both hands raised .
2776593721.jpg| 1| A man listens to someone on the phone with an estranged look on his face behind a fruit stand .
95151149.jpg| 3| Snow covered peaks .
3550348169.jpg| 4| A barefoot man on a hill side is bent over .
3716647219.jpg| 4| A woman propels herself in her wheelchair .
6240095275.jpg| 3| A racer celebrates his victory by holding is trophy and being showered by champagne .
3131220160.jpg| 4| A black man with black hair laughing .
4796827555.jpg| 0| Several people with instruments waiting at a train station .
2201202388.jpg| 3| A man with glasses and no shirt brushing his teeth .
7714755346.jpg| 3| A teen performing a bike trick at a skate park .
6453459129.jpg| 4| Soccer players participate in match .
2248395289.jpg| 4| A person sculpting something from a large rock .
4811585142.jpg| 3| A man in a tan shirt looks at a bird in a tree .
2547137089.jpg| 0| A woman in a wedding gown and a man wearing a tuxedo dance while a crowd of people looks on .
515664903.jpg| 3| A man is walking with luggage on the sidewalk by red flowers .
3551717658.jpg| 4| This is an airplane full of people .
4260156359.jpg| 0| Monkey walking on a telephone wire in front of a sign that says friends cycle .
3517362674.jpg| 4| A girl is blowing bubbles heavily .
3522000960.jpg| 0| Surfer partially visible through crashing wave , shore in background .
6369067441.jpg| 0| a group of asian people posing for a picture while others take the picture , with the ocean in the background .
394867665.jpg| 0| A lot of people are wearing umbrellas while waiting for the store to open .
708945669.jpg| 4| A man crouching and holding a camera .
129321675.jpg| 2| A group of individuals sitting in a restaurant .
8849890.jpg| 2| Two hombres gathered for some event to play trumpet .
50835360.jpg| 4| Three men are bailing hay .
1560281711.jpg| 4| A kid standing up on a swing in a park .
58727908.jpg| 1| A man sits on a stool reading the newspaper among a bunch of debris .
2733371982.jpg| 3| In the sauna , two younger men relax in the heat and steam .
2481413714.jpg| 4| Two hippies playing music in the quad , one even has blue hair .
1104087374.jpg| 0| A couple is sitting on the sand with their feet in the water , and they are shaking hands .
2755595842.jpg| 4| A woman standing on a red ball .
524073179.jpg| 2| A man in a suit talks to a woman in a black dress .
4823789426.jpg| 2| The men in the straw hats are standing near the pile of straw on the pavement .
1818403842.jpg| 0| Two dogs are leaping into a swimming pool trying to fetch the yellow toy that is floating in the water .
3363872250.jpg| 0| Two little girls in winter clothes sitting on a lion statue as if they 're riding it .
4304534002.jpg| 3| A group of people are sitting under umbrellas on the beach .
3484526708.jpg| 0| In a field of tall grass , a small girl feeds a larger boy a bite of some type of food .
3512780285.jpg| 1| Two young men , both wearing orange vests and khakis walking down a street .
2949497756.jpg| 4| Two tan dogs smell each others faces .
3317073508.jpg| 2| A shot-on-goal action photo of soccer players in red and black uniforms .
5408820009.jpg| 3| A young girl is sledding in the snow .
3799984714.jpg| 4| a man plays his white banjo .
3675685612.jpg| 3| A child painting on a piece of spinning paper .
2921112724.jpg| 1| I man is riding a 3 wheeled pedal bike and is airborne .
343073813.jpg| 4| A dog stands in water .
3552142982.jpg| 1| Two shirtless men practicing Capoeira on a beach with water in the background .
3981715035.jpg| 1| A man gives another man a tattoo on his shoulder .
2622581408.jpg| 1| Several youths in black and white shirts and blue jeans walk down a street .
285319526.jpg| 1| A young man in a blue shirt holding a device to his mouth and making a party gesture .
2444070322.jpg| 3| A woman with short dark hair is holding a glass .
3203707977.jpg| 0| A guy with a toboggan and a girl pose for the camera .
116337803.jpg| 1| A boy in a flowered apron standing at a stove while a woman stirs a pot in the background .
7599079406.jpg| 4| A man looking at his cellphone .
4879085576.jpg| 1| Two men play a game with a wooden stick and a ball .
3877389540.jpg| 1| A man in a white cap paints a building with its white awnings while looking at it .
4876517154.jpg| 4| A man smoking a cigarette with a Nun habit on .
3007214949.jpg| 1| Two small children sitting and jumping on a trampoline .
501650847.jpg| 0| someone is holding out a punctured ball in front of a brown dog with a red collar .
4818672276.jpg| 3| A man in khaki pants and a woman in a skirt cross a street .
13880312.jpg| 1| The blond woman is wearing graduation robes .
1026792563.jpg| 3| Villagers selling their crops at the market .
8144894905.jpg| 2| A young man in blue and one in burgundy are in a wrestling competition .
5505219003.jpg| 3| Dr. Nava working on some mathematical equations on a blackboard .
4759106610.jpg| 4| Older man guiding a young child on a bike .
4838047403.jpg| 0| Children are having fun playing in the dark with a bin full of water toys .
4783280278.jpg| 1| Two little girls are sitting on cement steps eating .
1419394636.jpg| 1| A young blond woman wearing a black shirt and khaki hat looks at the camera , and other people are standing around on the sidewalk area behind her .
4876860378.jpg| 4| An Asian gentlemen is selling flowers at market .
78171801.jpg| 4| Several people sit in an outdoor area eating food .
3195188609.jpg| 0| A rugby player runs with the ball whilst being supported by a line of backs .
3431121650.jpg| 3| Dogs run out of the water toward a rocky beach .
2819000497.jpg| 1| A woman in an American jumpsuit is providing medical attention to an elderly person .
4924459139.jpg| 3| Three women dressed in white are walking together .
2922651812.jpg| 3| One woman browsing the internet in the comfort of her home .
4731609129.jpg| 2| There are a lot of people riding bikes .
4655825812.jpg| 3| A baseball player preparing to slide into base .
480858814.jpg| 1| Woman sitting on the bleachers in a cowboy hat watching some sort ranching competition .
1352231156.jpg| 3| These three boys are trying to carry some wood .
2594042571.jpg| 2| Boy in tan hat laughs while sitting near playground equipment .
460188299.jpg| 4| A man is throwing the arrow .
3713882697.jpg| 4| A woman holding a giant hotdog covered with mustard .
4551045130.jpg| 3| A woman in a red shirt is talking to a man with a red shirt on the street .
4441592056.jpg| 3| A woman in a black jacket talking on the phone on a street corner .
5121796265.jpg| 3| Woman reading a book with a grocery tote .
359082432.jpg| 3| A man and a dog are standing on a tree that has fallen over to the ground .
651277216.jpg| 0| A mother in blue and child walk down a sidewalk next to a brick street .
2583001715.jpg| 3| White dog in midair next to a large yellow ball .
13255060.jpg| 0| Two people have their heads down on a table while a man in a brown jacket looks out the window at a group of bikes and motorcycles .
3458215674.jpg| 2| A couple of people are riding ATV 's on a dirt track .
549998716.jpg| 0| A pastor on a cellphone in front of a stone building with five officers wearing green uniforms ; two are standing while the others are seated .
41911141.jpg| 2| Two young girls playing in the water .
3103340819.jpg| 1| Young , hooded boy and girl huddle on steps outside large doors .
4760685276.jpg| 1| A woman with face makeup and feathers in her hair holds the hand of someone else .
4444627632.jpg| 0| A lady and three small children all wearing jackets are walking hand in hand in the sidewalk of a busy downtown intersection .
4288768841.jpg| 2| View over people 's heads down an escalator toward a subway entrance .
1476002408.jpg| 2| A woman wearing a brown skirt is walking over a bridge .
449233992.jpg| 2| A number of people are standing around a large spherical object .
4014210988.jpg| 2| Man lighting a cigarette on the right and man looking at the phone on the left .
2618538137.jpg| 4| A man on a skateboard poses with a dog .
3205053031.jpg| 4| A young woman wearing a costume is holding an ax .
3081734118.jpg| 0| A brown and white dog on a road with its mouth open near a tennis ball
1763754548.jpg| 4| A man climbs a ladder in front of a store .
4833520397.jpg| 0| A young girl is walking up to a bridge near dusk and is about to pass by a statue .
3043908909.jpg| 4| Lecture takes place in casual atmosphere .
4641889254.jpg| 2| A man in a black jacket and a woman with a pink shirt walking under a concrete bridge
299303069.jpg| 1| A child is spilling a set of Legos out of a bag onto a table .
4696582030.jpg| 0| A construction worker in overalls and a yellow construction hat shovels dirt into a wheelbarrow .
3569755200.jpg| 3| Two girls lean around a tree , laughing .
16626851.jpg| 3| Two people sit on a grassy lawn in front of a building .
1394927474.jpg| 0| A man with a green star balloon standing to the side of the door of an ancient looking building
4552785903.jpg| 1| A crowd looks up at two people standing on two balconies of a building .
6426218107.jpg| 4| construction worker working .
271660510.jpg| 3| The man and the woman pose for a picture by some bushes .
4428629586.jpg| 1| A young woman sits in a cafe with people in the background .
2111061687.jpg| 4| The photo is too dark to make out .
1428839421.jpg| 0| A man wearing a black backwards hat and a gray shirt with a large ear gauge walks through a fish market .
3708172446.jpg| 0| Two men are sitting on a bench looking at a water fountain
4438304823.jpg| 2| The lady in the red jacket is holding a large plastic bag .
3756739471.jpg| 0| A man in a bathing cap and swimsuit jumps into a pool while other men watch .
4328537167.jpg| 0| A group of Asian students playing London Bridges while another student lies on the ground .
2783430487.jpg| 2| A mother , dressed in traditional clothing , and her two children are posing for a picture .
4676970150.jpg| 2| A young guy and girl with arms around each other as they enter an establishment .
2234726075.jpg| 4| A motorcyclist gets moving .
2460568004.jpg| 0| Several people stand in a forest area while a man in a black shirt sits in the distance .
2358554995.jpg| 2| A child is holding on to the top of a playground slide .
2636020148.jpg| 3| A group of older people playing in a band on the street .
6195995631.jpg| 1| 4 football players wearing blue and yellow uniforms holding their helmets in the air .
7576330234.jpg| 1| A man with a helmet and street uniformed riding on a skateboard .
2940522002.jpg| 0| A middle-aged blond woman wearing a black sleeveless top , white pants , and a frown stands at a transit stop .
358718746.jpg| 2| A waiter takes an order from a man who is looking at the menu .
7028846053.jpg| 0| A brunette is eating noodle soup with chopsticks out of an orange bowl
6917516932.jpg| 2| A baseball player is sliding into second base while the opposing infielder jumps .
401476986.jpg| 0| A big dog is running in the grassy field with woods behind him .
3454988449.jpg| 3| Two girls play on a set of parallel bars .
3640241166.jpg| 0| A young woman is standing on the grass with a video camcorder in her hand
3875347394.jpg| 2| A man in a purple shirt is holding a large fishing net .
4505835829.jpg| 4| A man looking at the sign above a subway entrance .
4051627887.jpg| 1| Two men with caps are approaching a boy in a white and blue hoodie with a shady deal .
4852729415.jpg| 0| People seated on a public transportation vehicle of some kind .
957682378.jpg| 3| Two dogs are wrestling in the park .
5727946383.jpg| 1| A man in white and black is offering a dance to a middle-aged Hispanic woman in a flowing yellow skirt .
6338733.jpg| 3| a woman crossing guard standing with a stop sign
3028766968.jpg| 2| Guy in a black t-shirt sitting at a desk with two computer screens shuffling through a pile of papers .
8118985445.jpg| 0| An elderly man steps on the pedal as if to mount a bicycle in a city scene .
103328091.jpg| 2| A man in a red shirt is sitting by fruit for sale .
7151591119.jpg| 3| One man ridge a bike off a dirt road mountain on a clear day .
2205915732.jpg| 4| A man smiling and tying and apron .
1525153022.jpg| 0| A black dog is running through the shallow edge of a large body of water .
5558170783.jpg| 0| Two children , bundled up against the cold , building a small snowman .
4717508243.jpg| 3| Two people looking at a display of bottles .
3156431444.jpg| 1| A man in a striped blue shirt is playing with a little boy next to his crib .
2646345087.jpg| 3| A man in a red shirt is crouching inside a house needing repairs .
2663977526.jpg| 1| Blue crabs are being sold from a bucket at a fish market .
239051548.jpg| 2| A busy restaurant filled with many people talking .
1969573381.jpg| 0| The brown dog who looks like a dingo looks out of the forest .
7916661552.jpg| 4| A man singing into a microphone .
4525740976.jpg| 4| A bald man walking on a bridge .
745563422.jpg| 3| A woman in uniform rests against a bar .
1794818900.jpg| 2| A little girl is riding a toy tricycle on springs .
6554989899.jpg| 4| An orchestra teacher is teaching his kids .
2257631407.jpg| 3| Two peoplw with top of heads on grass .
4519321887.jpg| 1| A blond woman , who is smoking , and a brunette woman are conversing outside a building .
3425061393.jpg| 3| A tennis player moving for a shot .
3854366835.jpg| 2| A man in uniform is holding a large camera by the ocean .
3217291172.jpg| 2| Two men with glasses stand outside a stone building in the cold .
3601394864.jpg| 2| Two young boys posing for a picture on a bench .
4895430055.jpg| 4| Men recording a bike race with video cameras .
6068386039.jpg| 0| An unhappy , wet , black and gray dog sat on the floor while its owner tried to dry it with a blow-dryer .
5737434301.jpg| 2| A family including two women , a man , and a child standing around the open hood of a car , examining the inside .
5385069995.jpg| 0| Four musicians playing reed instruments with one playing a clarinet and three playing saxophones , being watched by a young child on a bicycle .
1963679809.jpg| 2| A man is riding the bike without wearing his helmet .
8146641506.jpg| 3| A man with gray hair wearing a tan shirt is browsing a collectibles store .
3587666993.jpg| 3| A man talks on his cellphone while leaning over some documents .
4889385580.jpg| 0| 2 kids and one men on a Motorcycle its black one kid has a yellow shirt on the other one has a blue shirt on the men his a white shirt on and a white hat on .
224998257.jpg| 4| Young women on a retreat .
2498700986.jpg| 3| Woman in a black dress standing on a busy street .
1081595465.jpg| 1| Several workers in orange vests are repairing tram rails , as onlookers stand by .
3068966816.jpg| 4| Three little girls lay in a tent .
3266306177.jpg| 2| A little black dog and a large brown dog are out in the snow .
2474776724.jpg| 1| A small girl is blocking a much larger girl in a red and white uniform .
2971369617.jpg| 2| A woman sticks out her tongue while with a group of friends .
5016926064.jpg| 4| A big telescope is set on road .
4588444998.jpg| 3| A woman is rubbing paper onto a cookie sheet in a kitchen .
3289893683.jpg| 3| Two basketball players fighting over control of a ball .
3103231330.jpg| 0| A man in a colorful jacket walks down the street surrounded by women in winter clothing .
2119793019.jpg| 4| A man takes a photograph of woman standing next to a painting .
3595643050.jpg| 4| A dog catching a ball .
715855028.jpg| 2| Man checking under the hood of a vintage car in a parade .
3787801.jpg| 3| A young man reviews photos at his work station .
367677825.jpg| 2| A group of friends having diner together .
2360279956.jpg| 2| A man pulling out his wallet by a young woman .
1462461942.jpg| 2| A woman in a blue dress singing in a band .
4921374490.jpg| 1| A woman in blue jeans pokes an awning from underneath to make puddled rain fall to the ground in the sidewalk market area of a city .
6503926903.jpg| 2| A rugby scrum is formed on field made almost entirely of mud .
141429107.jpg| 4| Foreign children crushing bricks .
2737097126.jpg| 4| A few people are planting flowers .
156740459.jpg| 2| A man in glasses is grilling wieners and meat patties on a grill .
6279182622.jpg| 1| A man dressed in bicycle gear is riding through a course .
1499581619.jpg| 4| Two people kiss on the beach .
3326086533.jpg| 3| A black dog clutches a pink purse in his teeth and runs .
405405965.jpg| 2| A boy is swinging a stick at a pinata while a woman and little girl look on .
2713036593.jpg| 4| A male taking a nap on a hot afternoon .
506432952.jpg| 1| 3 male bikers staring at the left side of the picture .
6229825733.jpg| 3| Three men in hard hats and highlighter-hued clothing are sitting in a boat smiling .
3170074597.jpg| 0| Two young ladies with red-hair are sitting on a bench and talking to a third young lady with black hair .
2623146491.jpg| 4| Man standing at a check-out counter .
180476372.jpg| 0|" A street with a store that has a sign outside of it reading "" Bleecker Street Records "" ."
1205490378.jpg| 3| A young women sits at a vending stall labeled ice creams and programs .
170701864.jpg| 2| Families in a restaurant look out at Thomas the Train .
7652712058.jpg| 3| A nearly full stadium of people are watching a soccer game
5788772871.jpg| 0| A group of students listens avidly during a classroom lecture or demonstration .
3042612760.jpg| 2| A lady in a red sweater and apron washing a tray in a sink .
1286805224.jpg| 2| Woman inside of a food truck smiles out of the window .
4075175810.jpg| 4| Runners jogging along in the city .
6761248991.jpg| 2| A man takes a swing of his club , with sand coming up out of the dune .
4685031064.jpg| 0| Here is a picture of a Marine Battalion Crew getting their weapons ready for fire .
6407653987.jpg| 0| 4 youngsters line up for a sprint race , while 2 other youths look on while wearing footballs jerseys .
4932737485.jpg| 0| A man in a tropical shirt with leis around his neck is holding a microphone .
2100909581.jpg| 3| White dog playing in the snow .
3776965455.jpg| 0| A man and woman , each wearing a white shirt , are walking down the sidewalk while talking on their phones .
6835586066.jpg| 0| A pitcher , wearing a dark green jersey and a green and yellow cap , is delivering a pitch and is pictured in his follow through motion .
2230971412.jpg| 2| Two elderly woman are talking at a gathering .
2438085746.jpg| 1| A black and white dog leaps to catch a Frisbee in a field .
425077383.jpg| 4| Toddlers playing with yellow ride on toy .
4851524954.jpg| 2| An older woman looks off into the distance as she sits at an outdoor restaurant .
3220815683.jpg| 0| A trio of guitarists , dressed all in black , play their instruments .
183018056.jpg| 2| Multiple people carry a sesame street float through the streets for a parade .
143428094.jpg| 1| People in Texas and having a festival in the streets , one man is cooking and his son is helping him .
2784625888.jpg| 1| A black dog jumps a horizontal bar in a grassy feild .
4520504568.jpg| 3| A person walks between two buildings .
2262919211.jpg| 2| A man is holding heart shaped balloons while a woman carrying a unicycle is walking away .
3015273947.jpg| 2| It seems like this man is preparing to bake something .
4736070650.jpg| 3| A man speaking on a cellphone while smoking outdoors .
3638631362.jpg| 4| A man holding up a yellow tent .
497122685.jpg| 4| A little girl sliding into a pool .
815909075.jpg| 4| A man is trying to break up a fight between two wrestlers .
4561823639.jpg| 4| A man playing a saxophone .
1432506301.jpg| 2| Two older looking cars are on a drag race strip .
3855173636.jpg| 2| A man does mechanic work on a dune buggy .
277119391.jpg| 1| A young boy leans against a car adorned with floral arrangements while the driver looks on .
170876266.jpg| 0|" Three dark complected ladies sitting on a bench in front of a yellow ceramic tiled wall , with the name "" Jane "" on the wall or superimposed onto the image above them ."
4897479032.jpg| 4| A man painting a wall covered in graffiti .
2514571664.jpg| 4| A lady cooking food in the kitchen .
3853594376.jpg| 2| A girl with a yellow top threw her radio over the side of the bus .
101362133.jpg| 4| A girl breaking boards by using karate .
624072749.jpg| 4| Someone putting food on a grill .
3474985112.jpg| 4| A mountain biker rides down a trail .
3237760601.jpg| 4| A skier
4389771247.jpg| 0| Two boy scouts are standing on what appears to be a stage surrounded by a camping scene .
3953235262.jpg| 0| A woman , wearing a blue dress that reveals her abdomen , is holding a sledgehammer in the forest .
4897526581.jpg| 1| A young woman in shorts and a tank top is listening to music and smoking while walking .
282131366.jpg| 4| A woman leaning to her right as the sun sets .
2448551720.jpg| 3| A man in glasses prays with two other men .
1945973944.jpg| 4| Two men are throwing garbage into the large cans .
2381926946.jpg| 4| A man in a black shirt cutting meat .
3328428819.jpg| 4| Three girls hammer nails on a roof .
4764604982.jpg| 2| A group of people are on public transport .
7567595412.jpg| 4| A cyclist leaning hard to make a sharp turn .
3495815292.jpg| 1| A man standing looking sad with cleaner and a tool next to him .
1944949081.jpg| 0| Near a city road , a man in a gray sweater disposes of a plastic bag of garbage into a large , green , garbage container .
5091113794.jpg| 3| A man is playing a saxophone in a public space .
4046178292.jpg| 3| A man with an electric guitar and a woman in a red shirt at a studio .
3008686435.jpg| 3| There is a man holding a gun in a corn field .
4887777705.jpg| 1| A young man taking pictures as other civilians walk past him .
5316221658.jpg| 2| A young man snowboarding at night is midair doing a trick off a homemade ski jump .
3336808362.jpg| 3| A man watching something that other people are doing .
3399312265.jpg| 4| Two dogs fight in the snow .
7879838102.jpg| 4| A guy is skateboarding in front of a crowd .
6825723456.jpg| 3| A young man playing with a large yo-yo .
2265367960.jpg| 0| The boy is wearing a hat and holding sandals .
4722129285.jpg| 3| a lady in a red shirt taking a picture of a statue
881725588.jpg| 2| Women pull on yarn-like strings of another woman 's plaid bag .
3969219773.jpg| 3| Two men walking in the street looking at something .
4444686770.jpg| 3| A man and woman are holding a fishing pole in front of a body of water .
55438559.jpg| 4| some children are racing .
2941340576.jpg| 0| Two men stand beside a yellow and blue tow truck on the side of the street outside of a discount grocery store .
4653140129.jpg| 3| A woman in a jean jacket with clenched fist looking down .
2535619827.jpg| 3| Two people crouching in a dim alley .
3702634572.jpg| 0| A girl is performing a wheelie on her bicycle in front of a gray cinder block building .
3613585080.jpg| 0| A woman with scarves in her head sits with 3 others staring at the camera with no expression .
316298162.jpg| 4| A group of men walking on a tree-lined path .
4969485553.jpg| 4| A young boy in a white t-shirt smiling .
4771382382.jpg| 4| a man in a white and green shirt holding a purple umbrella .
8117746605.jpg| 1| Two basketball players in black and white outfits are standing on a basketball court , talking .
4851094567.jpg| 1|" Two women stand by a large series of signs which say "" Le Cafe Marley "" in a hallway with a very high and ornate ceiling ."
5502202358.jpg| 4| A man landing in a pool .
7742495752.jpg| 4| a man jumping and in the beach water
4565138772.jpg| 2|" A man is holding up a sign that reads "" Jobs with Justice "" ."
2795744886.jpg| 0| A woman in a black dress with a bun in her hair reaches up on the clothesline in her bathroom for an article of clothing .
5761090545.jpg| 4| Two men in hard hats sawing a plank of wood .
2484190118.jpg| 4| A child in colorful shorts is standing on a post in the street .
4432695449.jpg| 4| Four policemen talking to a man dressed as a clown .
4456432456.jpg| 4| A woman in a blue coat is walking by a poster .
7360496140.jpg| 4| Cowboys at a rodeo are wrangling the wild horses .
121197973.jpg| 2| A man in a black and white shirt is touching his glasses and laughing .
4714264743.jpg| 4| A man in a brown hat walks in front of stone building .
3505587834.jpg| 1| A group of people walking in front of a large building .
4545768869.jpg| 4| A young boy with glasses feeds a geese some bread .
5126446040.jpg| 1| A white man is cooking in a home kitchen while another white man and a black man watch .
3787437809.jpg| 3| A man is praying before a statue .
6342578701.jpg| 3| A football runner crosses the goal line while being tackled .
2273650537.jpg| 1| A man is walking outside of a jewelry store while on his phone .
6181931777.jpg| 1| A bike rider , in full protective gear , is suspended in midair above a field of dirt and grass .
2215797676.jpg| 2| A man in a tan jacket and dark colored hat crosses the street .
6493391567.jpg| 4| A man actively surfing a wave .
4572363355.jpg| 3| Religious leader holding hands out .
3717845800.jpg| 1| The rugby players in red are wrestling the player in yellow to the ground .
169490297.jpg| 4| A boy looks down and spreads his arms wide
358012011.jpg| 4| A group of people are having a meeting .
4295279957.jpg| 3| An elderly woman wearing a green coat and brown pants is standing on a sidewalk .
316032526.jpg| 1| A little girl with a backpack sitting down looking at a book .
2885111681.jpg| 2| A woman in a striped dress walks with shopping bags .
2870682429.jpg| 2| Two men in black shirts play Guitar Hero .
6966952728.jpg| 4| Man grasping motor as he gazes into the distance .
71174245.jpg| 0| An audience of senior citizens is sitting for some kind of presentation .
380817690.jpg| 2| A girl is working an artwork she 's sitting around and seriously working
3178442303.jpg| 1| A blond headed toddler walking with a red piece of paper in hand .
4963810508.jpg| 1| A young child wearing an embroidered hat and clothing .
3357142179.jpg| 2| An older couple walking along a path in the woods .
4688194296.jpg| 4| A track event held by J.P. Morgan Chase with security .
3492038193.jpg| 4| A man is using a grinder on a locker 's lock
2589156742.jpg| 2| A man wearing a hat leans against a bench and holds a cup .
486016665.jpg| 4| Two women jog down the street .
6978787088.jpg| 2| A male surfer on a white surfboard jumps a wave .
450138714.jpg| 1| Two young men with curly hair are seated at a table , eating .
2393410666.jpg| 3| A black dog wearing a blue shirt is jumping in the air
2386366490.jpg| 1| Several groups of young boys are paired up to practice martial arts on the grass .
778885185.jpg| 3| The tan dog is chasing a ball .
463475838.jpg| 3| Group of people in a queue .
129891931.jpg| 2| A toddler in a white onesie is playing a video game at an arcade .
2146530566.jpg| 1| A man sitting at a dining table , wearing a striped shirt , is eating a salad and having a glass of red wine .
7024548973.jpg| 1| A young boy is wearing protective goggles and working on small machinery .
5821129557.jpg| 4| Its the little boy 's birthday today .
2395967330.jpg| 0| A young child is riding a three wheeled scooter down the sidewalk .
2886411666.jpg| 4| A dog is galloping through the grass .
2309327462.jpg| 1| Two dogs walk over the gravel yard inside a gated area .
3086387529.jpg| 1| Party goers at a rave dancing by a table with glow sticks on it .
3165750962.jpg| 4| A dog runs on a snowy path .
4981040278.jpg| 2| A man is bending over to clean something .
2774554340.jpg| 3| Two men in a van are talking to each other .
3036894037.jpg| 0| Two uniformed police officers are holding large guns , while an older man sits on the stairs , holding his hat and looking on .
3712463209.jpg| 0| A man works on the rear tire of a bike while a baby looks on from behind the bike .
2667242810.jpg| 1| a group of young men and small boys working on hobby like projects in a warm summer climate .
3504158556.jpg| 4| Some young boys hang out around their car .
2496127886.jpg| 1| A man is driving some sort of vehicle wearing a bright orange vest .
7757111016.jpg| 2| An airman hugs a young girl while on the runway .
413588617.jpg| 2| A man in a bathing suit jumping off a high up rock into stream .
3052436578.jpg| 1| A couple of newlyweds kissing underneath the bride 's veil .
535123126.jpg| 4| Big dog trying to bite little dog
6917402231.jpg| 4| Someone is cracking an egg so they can bake .
4848497007.jpg| 1| Three men are standing while another man is next to them holding a newspaper .
4906946.jpg| 4| two men work outdoors with equipment
2471493912.jpg| 2| Two girls climbing out of a mud pit by a beach .
4651562020.jpg| 3| A fat man sits on an outdoor bench with a grocery cart behind him .
3628059004.jpg| 4| A woman is laughing while playing guitar .
3232252882.jpg| 1| A smiling woman watches as four dogs run on a hill .
4678320536.jpg| 2| a female in a sweater vest with a name tag on it is holding a bat .
2414325960.jpg| 3| A man is wearing blue waving at a stopped bus .
3354854086.jpg| 1| People pass each other as they walk between the buildings and the trees .
4499553575.jpg| 3| People are sliding down a giant yellow and red slide .
3715669736.jpg| 3| Two women , one in blue and one in red speed skating on a basketball court .
3644941648.jpg| 3| A person in a swimsuit is diving off a building .
86120741.jpg| 3| A woman interviews another woman in a large crowd .
2376694294.jpg| 3| a young boy wearing a yellow scubba mask giving the thumbs up
2655183854.jpg| 4| They are sitting on the edge of a fountain
238046200.jpg| 3| A girl leaping through the air at the beach .
4448867584.jpg| 3| People carrying umbrellas in the rain .
4922642099.jpg| 0| A dog on a leash sits alone on a city step with a bottled drink and a book next to it .
4069561894.jpg| 3| a street cleaner cleaning the street in the rain .
3149919755.jpg| 3| Dog in shadow on beach at sunset .
5949201274.jpg| 4| A dancer looks ahead and prepares to perform .
2083673004.jpg| 3| A female standing in a doorway , smoking a cigarette .
1172514641.jpg| 2| Two men and a white dog stand in a meadow near a steep hill .
3547704737.jpg| 1| A man looks like he 's in pain as he runs in a race .
3496983524.jpg| 4| A boy reads a book .
8001609110.jpg| 2| A man in a gray sweater and blue jeans , playing a flute along a street .
200269546.jpg| 0| Two boys , one with blue swim trunks and one with red swim trunks are standing on the beach .
2784073733.jpg| 1| Man and women in looking at a package a fruit in a food market .
2291511815.jpg| 2| Three children are riding tricycles on the path .
1167144956.jpg| 3| Showing one how to do a jump withe being watched .
2088052469.jpg| 0| Two men in costumes with fake carrot noses , top hats , sunglasses and white fur coats that contain white electrical lights .
2460477085.jpg| 0| Three males are jumping on a trampoline outside .
3848572895.jpg| 3| man dressed in white sitting in empty hallway
482907079.jpg| 1| A person climbs a cliff face in the woods while others watch .
3374722123.jpg| 1| An older woman with a striped shirt rubbing her chin .
164048211.jpg| 3| Two children by a tree near some water .
123315267.jpg| 0| Two men are wrestling , one has the other pinned to the floor and the man on the floor is wincing in pain .
7175177764.jpg| 3| Some boys gathered around watching another boy kick a soccer ball .
3611124440.jpg| 4| People are on a roller coaster next to water .
12142391.jpg| 2| A man wearing a hat with blond dreadlocks holds juggling pins under a blue sky .
7374362298.jpg| 4| A man in a uniform with glasses is playing a french horn .
3155390408.jpg| 3| A dog leaps up to catch a blue and tan ball .
2772928973.jpg| 4| Two people shaking hands next to a young woman in a wedding dress .
4161099680.jpg| 0| A man in uniform directing traffic as people cross the street in a crosswalk .
3885251820.jpg| 0| A woman stands on a wide , flat beat holding up a squid or octopus by a sting .
4756089621.jpg| 3| A man in a white shirt riding a bike down the pavement .
3526805681.jpg| 1| A man with a sign about god stands holding the leash of a dog in a red brick square .
2242863004.jpg| 3| A dog attempting to chew on a red ball .
4199555.jpg| 2| An elderly man sits in a street with a wheelbarrow full of vegetables in front of him .
2611605367.jpg| 1| Man climbing artificial rock structure surrounded by wood chip 's .
3506607642.jpg| 4| two players run for the soccer ball .
3627676364.jpg| 0| A group a people walk around the corner near a brick building .
3354474353.jpg| 2| Two dogs , one holding something in its mouth , in the snow .
4509762476.jpg| 0| Sitting at the rear of a crowd of people on the grassy hill , an Asian man plays his shamisen , a Japanese stringed instrument .
3536561454.jpg| 4| A man skateboards around an orange cone .
2325025735.jpg| 1| Small child with long hair climbing up a rock towards large boulder .
3356792838.jpg| 4| A concentrated male sculpting .
621668012.jpg| 2| A costumed Asian man pauses for a picture at a reenactment .
2985439112.jpg| 0| One stuntman jumps over another stuntman who is doing a back flip from a wall
2438616168.jpg| 1| A teenage boy and girl , sitting in the sunlight , on a masonry stairway .
289599470.jpg| 0| A person with dark hair is eating a very large ear of corn .
3189464563.jpg| 3| A woman seated at a table in front of cake .
7062794595.jpg| 1| An old man with glasses in a shop filled with people hands a red tube to another man with glasses .
19986766.jpg| 0| A man in a black cap and red gown stands in between two other men in caps and gowns .
1167908324.jpg| 1| A man stands next to three video game machines and a beer sign .
3342271377.jpg| 1| Four people are standing in front of a white building wearing colorful costumes .
4869914617.jpg| 1| A youth wearing a shirt and tie crouching down and giving the peace sign .
2250750713.jpg| 0| A lady wearing a red vest is holding a shovel as she and a man , holding a blue shovel , pose for the camera .
2600170955.jpg| 3| Two small boys play in a shopping cart in a parking lot .
3241965735.jpg| 3| A skier makes a jump with his skis crossed .
276261357.jpg| 4| young man showing his small child how to write .
7655480476.jpg| 4| Tourists on a bridge pose for a photograph .
2391152358.jpg| 2| A young girl in a ponytail is singing in a microphone .
273603643.jpg| 4| A girl is sitting with a boy on a chair .
4467442740.jpg| 0| A person dressed in black is walking eleven dogs on a sidewalk .
2745663684.jpg| 2| A kid in a striped tank top skateboards down the street
3756112747.jpg| 4| Four kids are filling water guns from a bucket .
3694528441.jpg| 4| Girls collide while engaged in a competitive sport .
3054659074.jpg| 4| An old man and two old women standing on a German street .
2935703360.jpg| 0| A dog is running in and out of a line of posts on an obstacle course .
2789238858.jpg| 3| A dog racing around a track .
1093737381.jpg| 2| A woman stands next to a chalk drawing in front of a barn-like structure .
4565084634.jpg| 4| A couple that just finished shopping .
3682775658.jpg| 1| A man in a purple shirt is bending over backwards at the waist while a group of barefoot onlookers clap .
2102531792.jpg| 2| Three boys are racing against each other .
7066658127.jpg| 2| Many people , all wearing helmets , are racing around a corner in a professional motorcycle race .
4936899101.jpg| 0| A serious-faced woman in green and wearing an apron preparing the meat in front of her .
3421706363.jpg| 2| A man wearing a yellow shirt jumps his bike over a ramp .
509985875.jpg| 0| A man is holding a saxophone in a public place as a woman and a child walk by in the background .
4189401450.jpg| 1| A man is performing a jump on his skateboard over a railing and a rock at nighttime .
3283626303.jpg| 1| sveral young boys climbing out of the water on a concrete sidewalk
7380101140.jpg| 1| A left handed Major League Baseball player for the Cleveland Indians swings at a pitch .
5441315625.jpg| 3| Two monks are walking down steep stairs .
4491246659.jpg| 2| A little girl is peeking from behind a wall .
4954753241.jpg| 0| A man walking a dog and a young girl climb the stairs to a red bridge in a city .
3332248667.jpg| 0| A man in a purple shirt sits with a woman on the subway and smiles .
2823103057.jpg| 4| Friends pose for a group picture in summer clothing .
3329796982.jpg| 4| A little girl is looking at a bunch of activity books .
3107513635.jpg| 2| A photo of a train platform on a chilly day .
4705885089.jpg| 2| There are 6 women forming a pyramid inside of a bedroom .
4647089599.jpg| 3| Businessman making his way with his bags .
369186134.jpg| 4| Three dogs in the snow by a fence .
3713922357.jpg| 2| A person riding on a dirt bike while someone takes a picture .
23017965.jpg| 1| Young tennis player is in action hitting a tennis ball with her racket .
13341510.jpg| 2| A man in a red shirt and black pants is breakdancing for an audience .
2500028059.jpg| 0| A man with a red and black striped sweater and dirty blond-hair jumping high , over a ramp with hearts and lips on it .
4971283602.jpg| 3| Five people are standing outside at night .
2238925844.jpg| 4| A woman is running on the beach .
3179226630.jpg| 3| Santa and Mrs. Klaus are posing with one little child .
2808098783.jpg| 4| Two blurry dogs .
